sha256,path
2047d178d6dd9504719a28cc9dccd1867876108c0db4711747e7d95b47dca433,configs/androidworld/runtime_eval_36_v22_final.json
3b8c8de644eac75244ebeb23e9426490b90646c58ba85287dcf095b0e6b88894,artifacts/evaluation/androidworld-v22-final-frozen36-20260817/preflight.json
c0d29c36d9db5495cda77cfaae0bb70e7ba74045184a814ab625abbfaa970f9a,artifacts/evaluation/androidworld-v22-final-frozen36-20260817/runs.jsonl
de3a6fa94a71bf8898ff8b7629d6022fe619919c2155051d548a26c0ee6beee3,artifacts/evaluation/androidworld-v22-final-frozen36-continuation-20260817/preflight.json
a47a36f94ea2648ac3dac8c6ebd463db4a2f9db63eb0a13dd84453a55e46d39d,artifacts/evaluation/androidworld-v22-final-frozen36-continuation-20260817/runs.jsonl
ad4aaaa76514676a5bb5f19b687ffdf8fee9d2a3faf0081c00caab4909debb9e,artifacts/evaluation/androidworld-v22-final-frozen36-continuation2-20260817/preflight.json
09d5e0c4cf1daf4b102fe2802bc5c442ddec9ae4977d11fa010c153519c3bdc7,artifacts/evaluation/androidworld-v22-final-frozen36-continuation2-20260817/runs.jsonl
2e655907357f59014f66a70c7e78a92c092fa22bda705442933c07ad084f911a,artifacts/evaluation/androidworld-v22-final-frozen36-continuation3-20260817/preflight.json
cef342f888f3a08c7351e554be5eec3a62e00b851cca922654748d3a988584d5,artifacts/evaluation/androidworld-v22-final-frozen36-continuation3-20260817/runs.jsonl
9583b93352806eae8b5217160dbfe914d395a945e64d008576c608d146200729,artifacts/evaluation/androidworld-v22-final-frozen36-continuation4-20260817/preflight.json
b2d745eecb39ff8e163e286aa03d27943a9e0a4fa208cea940495a538c9d8770,artifacts/evaluation/androidworld-v22-final-frozen36-continuation4-20260817/runs.jsonl
31e44e7273ba8b6b534e12fcd589e0e70004e878c577de2f7c5ebcf18b336eac,artifacts/evaluation/androidworld-v22-final-frozen36-continuation4-20260817/summary.json
57cfb2d441fa555a8005ca2431bacf48bb364128745e597e944abc613dc2b866,artifacts/evaluation/androidworld-v22-final-frozen36-continuation5-network-restored-20260817/preflight.json
3b44887eafaf77c6fa8aac73f0a30da23d2ad82cc396d315a477a144473de2b6,artifacts/evaluation/androidworld-v22-final-frozen36-continuation5-network-restored-20260817/runs.jsonl
612cbfebb0c5ef7e6c23ba52f431c28c13ffd61da9e67c81ad5e5b14868ee932,artifacts/evaluation/androidworld-v22-final-frozen36-continuation5-network-restored-20260817/summary.json
